{
   "type": "2_stack_machine",
   "states": [
      "q0",
      "q1",
      "q2",
      "q3",
      "q4",
      "qf"
   ],
   "initialState": "q0",
   "finalStates": [
   	"qf"
   ],
   "alfabet": [
      "0",
      "1",
      "#",
      "x"
   ],
   "defaultInput": ["x", "x", "x"],
   "transitions": {
      "q0": [
         "(x, &, &, &, x, q0)",
         "(?, &, 1, x, &, q1)",
         "(?, &, 0, ?, &, qf)"
      ],
      "q1": [
         "(?, 0, 1, x, &, q1)",  
         "(?, 1, 1, x, #, q2)",
         "(?, &, &, ?, &, qf)"
      ],
      "q2": [
         "(?, 1, &, &, 1, q2)",
         "(?, 0, &, &, 0, q2)",
         "(?, ?, &, &, &, q3)"
      ],
      "q3": [
         "(?, &, 0, 1, &, q3)",
         "(?, &, 1, #, &, q1)",
         "(?, &, 1, 0, &, q4)"
      ],
      "q4": [
         "(?, &, 1, 1, &, q4)",
         "(?, &, 0, 0, &, q4)",
         "(?, &, &, #, &, q1)"
      ]
   }
}
