{
   "type": "simple_machine",
   "states": [
      "q0",
      "q1",
      "q2",
      "q3"
   ],
   "initialState": "q0",
   "finalStates": [
      "q0"
   ],
   "alfabet": [
      "1",
      "0"
   ],
   "defaultInput": [
      "1",
      "1",
      "0",
      "0"
   ],
   "transitions": {
      "q0": [
         "(0, q1)",
         "(1, q3)"
      ],
      "q1": [
         "(0, q0)",
         "(1, q2)"
      ],
      "q2": [
         "(0, q3)",
         "(1, q1)"
      ],
      "q3": [
         "(1, q0)",
         "(0, q2)"
      ]
   }
}